{
  "environment" : "unittest",
  "summary" : "Привет! Это практические задания курса \"Знакомство с Flask\" 10 урока",
  "title" : "Flask Skypro",
  "authors" : [
    "Skypro 008"
  ],
  "programming_language" : "Python",
  "language" : "ru",
  "course_type" : "PyCharm",
  "items" : [
    {
      "title" : "lesson10_1",
      "task_list" : [
        {
          "choiceOptions" : [
            {
              "text" : "Приложение изучено",
              "status" : "CORRECT"
            }
          ],
          "isMultipleChoice" : false,
          "name" : "inspect_original",
          "files" : {
            "app.py" : {
              "name" : "app.py",
              "placeholders" : [ ],
              "is_visible" : true,
              "text" : "from flask import Flask\n\napp = Flask(__name__)\n\n\n@app.route('/hello/')\n@app.route('/hello/<first_name>/')\n@app.route('/hello/<first_name>/<last_name>/')\ndef hello(first_name=None, last_name=None):\n    name = 'Anonymous'\n\n    if first_name and last_name:\n        name = f'{first_name} {last_name}'\n    elif first_name:\n        name = first_name\n\n    return f'Hello {name}!'\n\n\nif __name__ == '__main__':\n    app.run()\n"
            },
            "__init__.py" : {
              "name" : "__init__.py",
              "placeholders" : [ ],
              "is_visible" : false,
              "text" : ""
            }
          },
          "description_text" : "<html>\n\n<h2>Задача 1</h2>\n\n<p>\n    У вас есть небольшое приложение app.py, которое получает из сегментов маршрута имя и фамилию пользователя, и\n    приветствует пользователя в разной форме в зависимости от переданных параметров.\n    Запустите его, изучите код и ответьте на вопросы.\n</p>\n</html>",
          "description_format" : "HTML",
          "feedback_link" : {
            "link_type" : "STEPIK"
          },
          "task_type" : "choice"
        },
        {
          "choiceOptions" : [
            {
              "text" : "Hello Anonymous!",
              "status" : "INCORRECT"
            },
            {
              "text" : "Not found",
              "status" : "CORRECT"
            },
            {
              "text" : "Hello None!",
              "status" : "INCORRECT"
            },
            {
              "text" : "Hello None None!",
              "status" : "INCORRECT"
            }
          ],
          "isMultipleChoice" : false,
          "name" : "inspect_1",
          "files" : {
            "__init__.py" : {
              "name" : "__init__.py",
              "placeholders" : [ ],
              "is_visible" : false,
              "text" : ""
            }
          },
          "description_text" : "<html>\n\n<h2>Задача на изучение кода - 1</h2>\n\n<p>\n    Вернитесь к коду задачи 1 и ответьте на вопрос: <br>\n    Что выведет урл <i>http://127.0.0.1:5000/</i>?\n</p>\n</html>\n",
          "description_format" : "HTML",
          "feedback_link" : {
            "link_type" : "STEPIK"
          },
          "task_type" : "choice"
        },
        {
          "choiceOptions" : [
            {
              "text" : "Hello Denis None!",
              "status" : "INCORRECT"
            },
            {
              "text" : "Not found",
              "status" : "INCORRECT"
            },
            {
              "text" : "Hello None Denis!",
              "status" : "INCORRECT"
            },
            {
              "text" : "Hello Denis!",
              "status" : "CORRECT"
            }
          ],
          "isMultipleChoice" : false,
          "name" : "inspect_2",
          "files" : {
            "__init__.py" : {
              "name" : "__init__.py",
              "placeholders" : [ ],
              "is_visible" : false,
              "text" : ""
            }
          },
          "description_text" : "<html>\n\n<h2>Задача на изучение кода - 2</h2>\n\n<p>\n    Вернитесь к коду задачи 1 и ответьте на вопрос: <br>\n    Что выведет урл <i>http://127.0.0.1:5000/hello/Denis/</i>?\n</p>\n</html>\n",
          "description_format" : "HTML",
          "feedback_link" : {
            "link_type" : "STEPIK"
          },
          "task_type" : "choice"
        },
        {
          "choiceOptions" : [
            {
              "text" : "http://127.0.0.1:5000/Python/Master/",
              "status" : "INCORRECT"
            },
            {
              "text" : "http://127.0.0.1:5000/hello/Python/Master/",
              "status" : "CORRECT"
            },
            {
              "text" : "http://127.0.0.1:5000/Master/Python/",
              "status" : "INCORRECT"
            },
            {
              "text" : "http://127.0.0.1:5000/hello/Master/Python/",
              "status" : "INCORRECT"
            },
            {
              "text" : "http://127.0.0.1:5000/Python Master/",
              "status" : "INCORRECT"
            },
            {
              "text" : "http://127.0.0.1:5000/hello/Python Master/",
              "status" : "CORRECT"
            }
          ],
          "isMultipleChoice" : true,
          "name" : "inspect_3",
          "files" : {
            "__init__.py" : {
              "name" : "__init__.py",
              "placeholders" : [ ],
              "is_visible" : false,
              "text" : ""
            }
          },
          "description_text" : "<html>\n\n<h2>Задача на изучение кода - 3</h2>\n\n<p>\n    Вернитесь к коду задачи 1 и ответьте на вопрос: <br>\n    Какие урлы выведут сообщение <i>Hello Python Master!</i>?\n</p>\n</html>\n",
          "description_format" : "HTML",
          "feedback_link" : {
            "link_type" : "STEPIK"
          },
          "task_type" : "choice"
        },
        {
          "name" : "helloworld",
          "files" : {
            "task.py" : {
              "name" : "task.py",
              "placeholders" : [ ],
              "is_visible" : true,
              "text" : "from flask import Flask\n\napp = Flask(__name__)\n\n\ndef index():\n    pass\n\n\nif __name__ == '__main__':\n    app.run()\n"
            },
            "tests/test_task.py" : {
              "name" : "tests/test_task.py",
              "placeholders" : [ ],
              "is_visible" : false,
              "text" : "from lesson10_1.task5.task import app\nfrom lesson10_1.utils import SkyproTestCase\n\n\nclass TestCase(SkyproTestCase):\n    def test_index(self):\n        with app.test_client() as client:\n            resp = client.get('/')\n            self.assertNotEqual(404, resp.status_code, msg='Представление должно работать по урлу /')\n\n            expected = 'Hello world'\n\n            self.assertEqual(expected, resp.get_data(True), msg=f'Представление должно возвращать {expected}')\n"
            },
            "__init__.py" : {
              "name" : "__init__.py",
              "placeholders" : [ ],
              "is_visible" : false,
              "text" : ""
            },
            "tests/__init__.py" : {
              "name" : "tests/__init__.py",
              "placeholders" : [ ],
              "is_visible" : false,
              "text" : ""
            }
          },
          "description_text" : "<html>\n\n<h2>Задача \"Привет, мир\"</h2>\n\n<p>\n    Реализуйте минимальное приложение с одним представлением index, которое обрабатывает урл / и возвращает <i>Hello world</i>.\n</p>\n</html>\n",
          "description_format" : "HTML",
          "feedback_link" : {
            "link_type" : "STEPIK"
          },
          "task_type" : "edu"
        },
        {
          "name" : "simple_multiroutes",
          "files" : {
            "__init__.py" : {
              "name" : "__init__.py",
              "placeholders" : [ ],
              "is_visible" : false,
              "text" : ""
            },
            "tests/test_task.py" : {
              "name" : "tests/test_task.py",
              "placeholders" : [ ],
              "is_visible" : false,
              "text" : "from task import app\nimport unittest\n\nclass TestCase(unittest.TestCase):\n    def test_sort(self):\n        with app.test_client() as client:\n\n            #  проверка статуса\n\n            path = '/'\n            resp = client.get(path)\n            self.assertEqual(200, resp.status_code, msg=f'Приложение не обрабатывает запрос к {path}')\n\n            path = '/employees/'\n            resp = client.get(path)\n            self.assertEqual(200, resp.status_code, msg=f'Приложение не обрабатывает запрос к {path}')\n\n            path = '/employees/3/'\n            resp = client.get(path)\n            self.assertEqual(200, resp.status_code, msg=f'Приложение не обрабатывает запрос к {path}')\n\n\n            # ожидание и реальность\n\n            path = '/'\n            expected = 'Тут будет главная'\n            resp = client.get(path)\n            self.assertEqual(expected, resp.get_data(True),\n                             msg=f'Неверный ответ при запросе к {path} должно быть {expected}')\n\n"
            },
            "tests/__init__.py" : {
              "name" : "tests/__init__.py",
              "placeholders" : [ ],
              "is_visible" : false,
              "text" : ""
            },
            "task.py" : {
              "name" : "task.py",
              "placeholders" : [ ],
              "is_visible" : true,
              "text" : "from flask import Flask, request\nimport json\n\napp = Flask(__name__)\n\n\ndef get_index():\n    return \"\", 200\n\ndef get_employees():\n    return \"\", 200\n\ndef get_employee(uid):\n    return \"\", 200\n\nif __name__ == '__main__':\n    app.run()\n\n"
            }
          },
          "description_text" : "<h2>Задачка 1 (на мультироуты)</h2>\n\n<p>Создайте приложение, которое обрабатывало бы следующие маршруты:</p>\n\n<p>По маршруту <mark>&nbsp; / &nbsp;</mark> будет выведено <mark>&nbsp; Тут будет главная &nbsp;</mark></p>\n\n<p>По маршруту <mark>&nbsp; /employees/ &nbsp;</mark> будет выведено <mark>&nbsp;Тут будет информация о сотрудниках\n    &nbsp;</mark></p>\n\n<p>По маршруту <mark>&nbsp; /employees/(номер сотрудника) &nbsp;</mark> будет выведено <mark>&nbsp;Тут будет информация об одном из сотрудников    &nbsp;</mark></p>\n\n",
          "description_format" : "HTML",
          "feedback_link" : {
            "link_type" : "STEPIK"
          },
          "task_type" : "edu"
        },
        {
          "name" : "simple_operations",
          "files" : {
            "task.py" : {
              "name" : "task.py",
              "placeholders" : [ ],
              "is_visible" : true,
              "text" : "from flask import Flask, request\napp = Flask(__name__)\n\nexpenses = [1240, 60, 230, 20, 310]\n\n# TODO Напишите код представлений тут\n\nif __name__ == '__main__':\n    app.run()\n"
            },
            "tests/test_task.py" : {
              "name" : "tests/test_task.py",
              "placeholders" : [ ],
              "is_visible" : false,
              "text" : "from task import app\nimport unittest\n\nclass TestCase(unittest.TestCase):\n    def test_sort(self):\n        with app.test_client() as client:\n\n            #  проверка статуса\n\n            path = '/all/'\n            resp = client.get(path)\n            self.assertEqual(200, resp.status_code, msg=f'Приложение не обрабатывает запрос к {path}')\n\n            path = '/min/'\n            resp = client.get(path)\n            self.assertEqual(200, resp.status_code, msg=f'Приложение не обрабатывает запрос к {path}')\n\n            path = '/max/'\n            resp = client.get(path)\n            self.assertEqual(200, resp.status_code, msg=f'Приложение не обрабатывает запрос к {path}')\n\n            path = '/avg/'\n            resp = client.get(path)\n            self.assertEqual(200, resp.status_code, msg=f'Приложение не обрабатывает запрос к {path}')\n\n\n            # ожидание и реальность\n\n            path = '/all/'\n            expected = '1240 60 230 20 310'\n            resp = client.get(path)\n            self.assertEqual(expected, resp.get_data(True),\n                             msg=f'Неверный ответ при запросе к {path} должно быть {expected}')\n\n\n            # ожидание и реальность\n\n\n            path = '/max/'\n            expected = '1240'\n            resp = client.get(path)\n            self.assertEqual(expected, resp.get_data(True),\n                             msg=f'Неверный ответ при запросе к {path} должно быть {expected}')\n\n            path = '/min/'\n            expected = '20'\n            resp = client.get(path)\n            self.assertEqual(expected, resp.get_data(True),\n                             msg=f'Неверный ответ при запросе к {path} должно быть {expected}')\n\n\n            path = '/avg/'\n            expected = '372'\n            resp = client.get(path)\n            self.assertEqual(expected, resp.get_data(True),\n                             msg=f'Неверный ответ при запросе к {path} должно быть {expected}')\n"
            },
            "__init__.py" : {
              "name" : "__init__.py",
              "placeholders" : [ ],
              "is_visible" : false,
              "text" : ""
            },
            "tests/__init__.py" : {
              "name" : "tests/__init__.py",
              "placeholders" : [ ],
              "is_visible" : false,
              "text" : ""
            }
          },
          "description_text" : "<html>\n\n<h2>Задачка 2 (на мультироуты с данными)</h2>\n\n<p>У вас есть список трат за определенный день. Список хранится так:</p>\n<mark> expenses = [1240, 60, 230, 20, 310] </mark>\n\n<p>Напишите приложение со специальными представлениями для трат.</p>\n\n<hr>\n\n<p><mark> /all </mark> Вывводит все траты через пробел, например</p>\n<mark> 1240 60 230 20 310</mark>\n\n<hr>\n\n<p> <mark> /max </mark> Выводит самую крупную трату, например <mark> 1240 </mark></p>\n\n<hr>\n\n<p><mark>/min</mark> Выводит самую мелкую трату, например <mark>20</mark></p>\n\n\n<hr>\n<p><mark>/avg </mark> Вывести среднюю трату, например <mark>372</mark></p>\n\n</html>\n",
          "description_format" : "HTML",
          "feedback_link" : {
            "link_type" : "STEPIK"
          },
          "task_type" : "edu"
        },
        {
          "name" : "simple_query",
          "files" : {
            "tests/test_task.py" : {
              "name" : "tests/test_task.py",
              "placeholders" : [ ],
              "is_visible" : false,
              "text" : "from task import app\nimport unittest\n\nclass TestCase(unittest.TestCase):\n    def test_sort(self):\n        with app.test_client() as client:\n\n            #  проверка статуса\n\n            path = '/search/?s=а'\n            expected = '...'\n            resp = client.get(path)\n            self.assertEqual(200, resp.status_code, msg=f'Приложение не обрабатывает запрос к {path}')\n\n\n            # ожидание и реальность\n\n            path = '/search/?s=мос'\n            expected = 'Москва'\n            resp = client.get(path)\n            self.assertEqual(expected, resp.get_data(True),\n                             msg=f'Неверный ответ при запросе к {path} должно быть {expected}')\n\n\n            # ожидание и реальность\n\n            path = '/search/?s=кра'\n            expected = 'Красноярск, Краснодар'\n            resp = client.get(path)\n            self.assertEqual(expected, resp.get_data(True),\n                             msg=f'Неверный ответ при запросе к {path} должно быть {expected}')\n\n\n\n            # ожидание и реальность\n\n            path = '/search/?s=санкт'\n            expected = 'Санкт-Петербург'\n            resp = client.get(path)\n            self.assertEqual(expected, resp.get_data(True),\n                             msg=f'Неверный ответ при запросе к {path} должно быть {expected}')\n\n"
            },
            "__init__.py" : {
              "name" : "__init__.py",
              "placeholders" : [ ],
              "is_visible" : false,
              "text" : ""
            },
            "tests/__init__.py" : {
              "name" : "tests/__init__.py",
              "placeholders" : [ ],
              "is_visible" : false,
              "text" : ""
            },
            "task.py" : {
              "name" : "task.py",
              "placeholders" : [ ],
              "is_visible" : true,
              "text" : "from flask import Flask, request\napp = Flask(__name__)\n\nlocations = [\n    \"Москва\",\n    \"Санкт-Петербург\",\n    \"Новосибирск\",\n    \"Екатеринбург\",\n    \"Казань\",\n    \"Нижний Новгород\",\n    \"Челябинск\",\n    \"Самара\",\n    \"Омск\",\n    \"Ростов-на-Дону\",\n    \"Уфа\",\n    \"Красноярск\",\n    \"Воронеж\",\n    \"Пермь\",\n    \"Волгоград\",\n    \"Краснодар\",\n    \"Волгоград\",\n    \"Саратов\",\n    \"Тюмень\",\n    \"Тольятти\",\n    \"Ижевск\",\n]\n\n\ndef get_cities():\n    ...\n\nif __name__ == '__main__':\n    app.run()\n"
            }
          },
          "description_text" : "<html>\n\n<h2>Задачка 3 (на квери параметры)</h2>\n\n<p>Вам предоставлен список городов. Выполните поиск когда пользователь запрашивает URL типа</p>\n\n<p> <mark>/search/?s=са</mark></p>\n\nФормат ответа – через запятую. Например:\n\n<p> <mark>Санкт-Петербург, Саратов</mark></p>\n\nЕсли городов не найдено – вывести\n\n<p> <mark>Городов не найдено</mark></p>\n",
          "description_format" : "HTML",
          "feedback_link" : {
            "link_type" : "STEPIK"
          },
          "task_type" : "edu"
        },
        {
          "choiceOptions" : [
            {
              "text" : "flask run --host=0.0.0.0",
              "status" : "INCORRECT"
            },
            {
              "text" : "flask run",
              "status" : "INCORRECT"
            },
            {
              "text" : "flask run -h 0.0.0.0:8000",
              "status" : "INCORRECT"
            },
            {
              "text" : "flask run -p 8000",
              "status" : "CORRECT"
            },
            {
              "text" : "flask run --host=127.0.0.1:8000",
              "status" : "INCORRECT"
            },
            {
              "text" : "flask run --port=8000",
              "status" : "CORRECT"
            }
          ],
          "isMultipleChoice" : true,
          "name" : "another_port",
          "files" : {
            "__init__.py" : {
              "name" : "__init__.py",
              "placeholders" : [ ],
              "is_visible" : false,
              "text" : ""
            }
          },
          "description_text" : "<html>\n\n<h2>Тест \"Другой порт\"</h2>\n\n<p>\n    Изучите в документации flask каким образам можно запустить wsgi-сервер на другом порту и ip адресе.\n    <br>\n    С помощью каких команд можно запустить встроенный wsgi-сервер на 8000 порту?\n</p>\n</html>\n",
          "description_format" : "HTML",
          "feedback_link" : {
            "link_type" : "STEPIK"
          },
          "task_type" : "choice"
        },
        {
          "name" : "find_user",
          "files" : {
            "task.py" : {
              "name" : "task.py",
              "placeholders" : [ ],
              "is_visible" : true,
              "text" : "from flask import Flask\n\napp = Flask(__name__)\n\n\ndef load_users():\n    from lesson10_1.task8.users import users\n    return users\n\n\n# TODO добавить маршрут для получения целочисленного индекса из сегмента урл\n\ndef get_user(idx):\n    users = load_users()\n\n    if idx < 1 or idx > len(users):\n        return ''  # TODO вернуть 404 код ответа и строку 'Не найдено'\n\n    return f''  # TODO вернуть фамилию и имя пользователя с индексом idx - 1\n\n\nif __name__ == '__main__':\n    app.run()\n"
            },
            "tests/test_task.py" : {
              "name" : "tests/test_task.py",
              "placeholders" : [ ],
              "is_visible" : false,
              "text" : "from lesson10_1.task8.task import app\nfrom lesson10_1.task8.users import users\nfrom lesson10_1.utils import SkyproTestCase\n\n\nclass TestCase(SkyproTestCase):\n    def test_users(self):\n        with app.test_client() as client:\n            resp = client.get('/users/1/')\n            self.assertNotEqual(404, resp.status_code, msg='Представление должно работать по урлу /users/1/')\n\n            resp = client.get('/users/fsdfsd/')\n            self.assertEqual(404, resp.status_code,\n                             msg='Представление должно обрабатывать сегмент урла как целое число')\n\n            not_found_str = 'Не найдено'\n\n            for i in (0, 11, 20, 100, 1000):\n                resp = client.get(f'/users/{i}/')\n\n                self.assertEqual(404, resp.status_code,\n                                 msg=f'Если по индексу не найден пользователь, то код ответ должен быть 404')\n                self.assertEqual(not_found_str, resp.get_data(True),\n                                 msg=f'Если по индексу не найден пользователь, то ответ должен быть {not_found_str}')\n\n            for i, user in enumerate(users, start=1):\n                resp = client.get(f'/users/{i}/')\n                expected = f'{user[\"last_name\"]} {user[\"first_name\"]}'\n\n                self.assertEqual(200, resp.status_code,\n                                 msg=f'По индексу {i} должен возвращаться код ответа 200')\n                self.assertEqual(expected, resp.get_data(True),\n                                 msg=f'По индексу {i} должен возвращаться ответ {expected}')\n"
            },
            "__init__.py" : {
              "name" : "__init__.py",
              "placeholders" : [ ],
              "is_visible" : false,
              "text" : ""
            },
            "tests/__init__.py" : {
              "name" : "tests/__init__.py",
              "placeholders" : [ ],
              "is_visible" : false,
              "text" : ""
            },
            "users.py" : {
              "name" : "users.py",
              "placeholders" : [ ],
              "is_visible" : true,
              "text" : "users = [\n  {\n    \"first_name\": \"Gordon\",\n    \"last_name\": \"Wong\",\n    \"gender\": \"male\"\n  },\n  {\n    \"first_name\": \"Church\",\n    \"last_name\": \"Blankenship\",\n    \"gender\": \"male\"\n  },\n  {\n    \"first_name\": \"Hester\",\n    \"last_name\": \"Battle\",\n    \"gender\": \"female\"\n  },\n  {\n    \"first_name\": \"Miranda\",\n    \"last_name\": \"Conner\",\n    \"gender\": \"female\"\n  },\n  {\n    \"first_name\": \"Meghan\",\n    \"last_name\": \"Strickland\",\n    \"gender\": \"female\"\n  },\n  {\n    \"first_name\": \"Osborne\",\n    \"last_name\": \"Jenkins\",\n    \"gender\": \"male\"\n  },\n  {\n    \"first_name\": \"Solis\",\n    \"last_name\": \"Larsen\",\n    \"gender\": \"male\"\n  },\n  {\n    \"first_name\": \"May\",\n    \"last_name\": \"Mcconnell\",\n    \"gender\": \"female\"\n  },\n  {\n    \"first_name\": \"Castaneda\",\n    \"last_name\": \"Rivers\",\n    \"gender\": \"male\"\n  },\n  {\n    \"first_name\": \"Rush\",\n    \"last_name\": \"Conway\",\n    \"gender\": \"male\"\n  }\n]\n"
            },
            "solution.py" : {
              "name" : "solution.py",
              "placeholders" : [ ],
              "is_visible" : false,
              "text" : ""
            }
          },
          "description_text" : "<html>\n\n<h2>Задача \"Поиск пользователя\"</h2>\n\n<p>\n    Программисту Гарри поставили задачу реализовать приложение, которое\n    <ol>\n        <li>Читает из users.py список пользователей.</li>\n        <li>Возвращает по урлу /users/&lt;index&gt;/ строку с фамилией и именем пользователя через пробел\n            по индексу из списка пользователей.\n            <br>\n            Например, по урлу /users/1/ вернется строка <i>Wong Gordon</i></li>\n        <li>Если такого индекса нет в списке, то приложение должно возвращать строку 'Не найдено' и код ответа 404.</li>\n        <li>Индексы должны начинаться с 1, а не с 0, как в списках Python</li>\n    </ol>\n\n    Гарри трудился всю ночь, чтобы успеть к утреннему дедлайну, но уснул и не дописал часть кода. К счастью,\n    ты пришел в офис пораньше и можешь помочь ему закончить начатую работу вовремя.\n    <br>\n    <br>\n    Заполни все TODO и реализуй до конца представление <b>get_user</b>.\n</p>\n</html>\n",
          "description_format" : "HTML",
          "feedback_link" : {
            "link_type" : "STEPIK"
          },
          "task_type" : "edu"
        },
        {
          "name" : "dictionary",
          "files" : {
            "task.py" : {
              "name" : "task.py",
              "placeholders" : [ ],
              "is_visible" : true,
              "text" : "from flask import Flask\n\napp = Flask(__name__)\n\nvocab = {\n    'cat': 'кошка',\n    'python': 'питон',\n    'flask': 'фляга',\n    'developer': 'разработчик',\n    'django': 'вофтпщ',\n    'framework': 'фреймворк',\n    'package': 'библиотека',\n    'library': 'библиотека',\n}\n\n\nif __name__ == '__main__':\n    app.run()\n"
            },
            "tests/test_task.py" : {
              "name" : "tests/test_task.py",
              "placeholders" : [ ],
              "is_visible" : false,
              "text" : "from lesson10_1.task9.task import app, vocab\nfrom lesson10_1.utils import SkyproTestCase\n\n\nclass TestCase(SkyproTestCase):\n    def test_index(self):\n        with app.test_client() as client:\n            for key, value in vocab.items():\n                resp = client.get(f'/{key}/')\n                expected = f'Значение для ключа {key} - {value}'\n\n                self.assertEqual(200, resp.status_code,\n                                 msg=f'Урл /{key}/ должен возвращать код ответа 200')\n                self.assertEqual(expected, resp.get_data(True),\n                                 msg=f'Урл /{key}/ должен возвращать \"{expected}\"')\n\n            resp = client.get(f'/not_vacab_value/')\n            expected = 'Ключ не найден'\n\n            self.assertEqual(404, resp.status_code,\n                             msg=f'Для значений не из словаря представление должно возвращать код ответа 404')\n            self.assertEqual(expected, resp.get_data(True),\n                             msg=f'Для значений не из словаря представление должно возвращать \"{expected}\"')\n"
            },
            "__init__.py" : {
              "name" : "__init__.py",
              "placeholders" : [ ],
              "is_visible" : false,
              "text" : ""
            },
            "tests/__init__.py" : {
              "name" : "tests/__init__.py",
              "placeholders" : [ ],
              "is_visible" : false,
              "text" : ""
            }
          },
          "description_text" : "<html>\n\n<h2>Задача \"Словарь\"</h2>\n\n<p>\n    Дан словарь <i>vocab</i>. Нужно реализовать приложение, которое выполняет поиск по ключу в этом словаре.\n    <br>\n    <br>\n    Напишите представление, которое берет из урла текстовый сегмент, ищет по полученному значению сегмента ключ в\n    словаре vocab и возвращает <i>Значение для ключа &lt;значение переданного ключа&gt; - &lt;найденное по этому ключу значение в словаре&gt;</i>.\n    <br>\n    <br>\n    Если такого ключа нет в словаре, то возвращает строку \"Ключ не найден\" и код ответа 404.\n    <br>\n    <br>\n    Например, по урлу /cat/ приложение ответит \"Значение для ключа cat - кошка\".\n</p>\n</html>\n",
          "description_format" : "HTML",
          "feedback_link" : {
            "link_type" : "STEPIK"
          },
          "task_type" : "edu"
        }
      ],
      "type" : "lesson"
    }
  ],
  "additional_files" : [
    {
      "name" : "lesson10_1/utils.py",
      "placeholders" : [ ],
      "is_visible" : true,
      "text" : "import unittest\n\n\nclass StatMixin:\n    def send_stat(self, result):\n        ok = result.wasSuccessful()\n        errors = result.errors\n        failures = result.failures\n\n        print('ok' if ok else 'not ok')\n        print('errors', errors)\n        print('failures', failures)\n\n\nclass SkyproTestCase(StatMixin, unittest.TestCase):\n    def run(self, *args, **kwargs):\n        result = super().run(*args, **kwargs)\n\n        self.send_stat(result)\n\n        return result\n"
    },
    {
      "name" : "lesson10_1/requirements.txt",
      "placeholders" : [ ],
      "is_visible" : true,
      "text" : "flask"
    }
  ],
  "version" : 11
}